id,last_update
32482,2018-03-06T10:51:24.846Z
35840,2018-03-07T07:27:22.102Z
13591,2018-02-25T02:29:59.213Z
37342,2018-03-08T05:04:53.761Z
14443,2018-02-25T06:56:15.054Z
14908,2018-02-25T11:01:49.682Z
20478,2018-02-27T14:52:33.619Z
13106,2018-02-25T01:39:09.300Z
37528,2018-03-08T05:20:06.770Z
33002,2018-03-06T15:23:31.186Z
32775,2018-03-06T13:05:08.589Z
35959,2018-03-07T07:42:01.986Z
33543,2018-03-06T16:11:08.328Z
33549,2018-03-06T16:12:06.828Z
36048,2018-03-07T07:56:08.329Z
36040,2018-03-07T07:54:46.420Z
30969,2018-03-06T04:58:21.213Z
36203,2018-03-07T17:02:34.111Z
14584,2018-02-25T08:02:55.214Z
36016,2018-03-07T07:50:43.233Z
36382,2018-03-07T17:13:59.989Z
36387,2018-03-07T17:14:26.507Z
36389,2018-03-07T17:14:37.434Z
36303,2018-03-07T17:07:53.367Z
36375,2018-03-07T17:13:24.063Z
13894,2018-02-25T03:38:13.905Z
16892,2018-02-26T17:37:03.935Z
35285,2018-03-07T06:33:24.466Z
35967,2018-03-07T07:43:11.886Z
36876,2018-03-07T20:12:57.751Z
20445,2018-02-27T14:32:53.835Z
32070,2018-03-06T08:28:34.684Z
17007,2018-02-26T17:52:32.046Z
13592,2018-02-25T02:30:09.984Z
32291,2018-03-06T09:38:41.289Z
17008,2018-02-26T17:52:41.237Z
35824,2018-03-07T07:25:43.260Z
17010,2018-02-26T17:52:59.583Z
36608,2018-03-07T17:41:21.530Z
13082,2018-02-25T01:38:20.137Z
30083,2018-03-05T17:06:55.353Z
32929,2018-03-06T14:26:57.411Z
36114,2018-03-07T17:00:00.361Z
12988,2018-02-25T01:36:27.917Z
35834,2018-03-07T07:26:44.633Z
31431,2018-03-06T06:31:21.036Z
31432,2018-03-06T06:31:26.229Z
31433,2018-03-06T06:31:31.391Z
26894,2018-03-01T17:18:29.972Z
32764,2018-03-06T12:59:38.819Z
15461,2018-02-25T17:30:25.662Z
20333,2018-02-27T13:54:12.412Z
18367,2018-02-27T06:45:55.534Z
20149,2018-02-27T12:58:32.487Z
35826,2018-03-07T07:25:54.995Z
15228,2018-02-25T14:33:55.697Z
13330,2018-02-25T01:54:02.298Z
21595,2018-02-27T18:01:37.184Z
34210,2018-03-06T19:08:30.261Z
35827,2018-03-07T07:26:01.254Z
17774,2018-02-26T21:20:47.072Z
35837,2018-03-07T07:27:03.189Z
30317,2018-03-05T18:23:41.179Z
22702,2018-02-28T12:25:18.048Z
14380,2018-02-25T06:28:42.587Z
35843,2018-03-07T07:27:41.182Z
36346,2018-03-07T17:11:02.979Z
37109,2018-03-07T20:33:52.549Z
26967,2018-03-01T17:54:05.576Z
15229,2018-02-25T14:34:37.672Z
18404,2018-02-27T06:50:22.130Z
35847,2018-03-07T07:28:07.185Z
36679,2018-03-07T20:06:53.979Z
36696,2018-03-07T20:07:02.088Z
14264,2018-02-25T05:41:08.647Z
35846,2018-03-07T07:28:00.622Z
30069,2018-03-05T17:02:53.868Z
35850,2018-03-07T07:28:27.604Z
72801,2018-03-22T21:01:37.233Z
35852,2018-03-07T07:28:40.594Z
83453,2018-03-25T18:19:04.190Z
35844,2018-03-07T07:27:47.562Z
17997,2018-02-27T06:22:46.540Z
19476,2018-02-27T11:04:09.677Z
15020,2018-02-25T12:11:37.263Z
36192,2018-03-07T17:02:08.719Z
36344,2018-03-07T17:10:53.888Z
36354,2018-03-07T17:11:41.101Z
36350,2018-03-07T17:11:22.014Z
36424,2018-03-07T17:18:00.664Z
78169,2018-03-23T18:39:35.034Z
37371,2018-03-08T05:06:36.783Z
37603,2018-03-08T05:29:09.278Z
13441,2018-02-25T02:06:41.683Z
30625,2018-03-06T04:22:30.899Z
13035,2018-02-25T01:37:08.940Z
35989,2018-03-07T07:46:29.646Z
36131,2018-03-07T17:00:20.959Z
36099,2018-03-07T16:59:46.076Z
36168,2018-03-07T17:01:22.076Z
37541,2018-03-08T05:21:33.178Z
36376,2018-03-07T17:13:29.147Z
20257,2018-02-27T13:29:36.699Z
20346,2018-02-27T13:58:31.812Z
20347,2018-02-27T13:58:52.091Z
13865,2018-02-25T03:30:27.550Z
36038,2018-03-07T07:54:26.403Z
34005,2018-03-06T17:59:04.360Z
12965,2018-02-25T01:36:18.255Z
13026,2018-02-25T01:36:58.683Z
12967,2018-02-25T01:36:19.313Z
13589,2018-02-25T02:29:37.959Z
36558,2018-03-07T17:33:59.693Z
18002,2018-02-27T06:22:50.042Z
14294,2018-02-25T05:52:57.593Z
13590,2018-02-25T02:29:48.304Z
32820,2018-03-06T13:28:17.866Z
36560,2018-03-07T17:34:16.978Z
31281,2018-03-06T06:21:12.045Z
26969,2018-03-01T17:55:05.660Z
34021,2018-03-06T18:03:57.951Z
15007,2018-02-25T12:03:16.733Z
26012,2018-03-01T12:27:24.225Z
78519,2018-03-23T19:49:07.458Z
35974,2018-03-07T07:44:14.164Z
35956,2018-03-07T07:41:36.433Z
14295,2018-02-25T05:53:21.534Z
33857,2018-03-06T17:17:29.651Z
14296,2018-02-25T05:53:45.321Z
14869,2018-02-25T10:38:27.754Z
14868,2018-02-25T10:37:51.516Z
36677,2018-03-07T20:06:53.058Z
36718,2018-03-07T20:07:18.828Z
36725,2018-03-07T20:07:25.532Z
18284,2018-02-27T06:37:31.952Z
36087,2018-03-07T16:59:37.030Z
36136,2018-03-07T17:00:28.374Z
18161,2018-02-27T06:28:18.216Z
36088,2018-03-07T16:59:37.658Z
36176,2018-03-07T17:01:37.004Z
23088,2018-02-28T19:59:47.897Z
23090,2018-02-28T19:59:52.578Z
36743,2018-03-07T20:07:46.487Z
14332,2018-02-25T06:08:27.309Z
36425,2018-03-07T17:18:06.794Z
14333,2018-02-25T06:08:51.965Z
33862,2018-03-06T17:18:46.287Z
23405,2018-02-28T20:27:56.970Z
36945,2018-03-07T20:17:26.985Z
36035,2018-03-07T07:53:55.159Z
31346,2018-03-06T06:24:50.844Z
31481,2018-03-06T06:36:05.956Z
13883,2018-02-25T03:35:16.212Z
34019,2018-03-06T18:03:21.236Z
15502,2018-02-25T18:00:10.160Z
18086,2018-02-27T06:24:48.027Z
36626,2018-03-07T17:44:14.225Z
36866,2018-03-07T20:12:25.421Z
35993,2018-03-07T07:47:06.049Z
77751,2018-03-23T17:30:51.795Z
25183,2018-03-01T10:45:07.596Z
37821,2018-03-08T06:05:08.845Z
35400,2018-03-07T06:49:37.177Z
33989,2018-03-06T17:54:15.254Z
35411,2018-03-07T06:51:23.350Z
35412,2018-03-07T06:51:33.349Z
81849,2018-03-24T21:43:40.754Z
18146,2018-02-27T06:27:29.188Z
35207,2018-03-07T06:24:40.720Z
15329,2018-02-25T15:48:32.597Z
36674,2018-03-07T20:06:51.935Z
35421,2018-03-07T06:53:02.377Z
15339,2018-02-25T15:56:00.354Z
20401,2018-02-27T14:17:17.471Z
18792,2018-02-27T08:03:13.352Z
23180,2018-02-28T20:04:41.129Z
37026,2018-03-07T20:24:32.743Z
41481,2018-03-09T06:18:46.294Z
35992,2018-03-07T07:46:56.990Z
36274,2018-03-07T17:06:05.485Z
36024,2018-03-07T07:52:02.462Z
36269,2018-03-07T17:05:48.405Z
34261,2018-03-06T19:27:54.226Z
22839,2018-02-28T18:51:08.321Z
36614,2018-03-07T17:42:19Z
18317,2018-02-27T06:40:35.107Z
31479,2018-03-06T06:35:53.914Z
19771,2018-02-27T11:37:54.498Z
31483,2018-03-06T06:36:17.948Z
13311,2018-02-25T01:52:14.194Z
23541,2018-02-28T20:49:55.294Z
36624,2018-03-07T17:43:54.769Z
34299,2018-03-06T19:42:50.521Z
35851,2018-03-07T07:28:34.163Z
35952,2018-03-07T07:41:01.555Z
13020,2018-02-25T01:36:52.484Z
36726,2018-03-07T20:07:26.592Z
13476,2018-02-25T02:11:29.494Z
25048,2018-03-01T10:40:53.206Z
36036,2018-03-07T07:54:05.517Z
38228,2018-03-08T11:24:35.423Z
31279,2018-03-06T06:21:05.960Z
35401,2018-03-07T06:49:46.511Z
21069,2018-02-27T15:45:36.233Z
21383,2018-02-27T16:56:25.503Z
35325,2018-03-07T06:38:36.370Z
34413,2018-03-06T20:30:32.080Z
37103,2018-03-07T20:33:08.105Z
34476,2018-03-06T20:58:39.819Z
20484,2018-02-27T14:52:36.733Z
20287,2018-02-27T13:38:56.242Z
17479,2018-02-26T19:38:07.489Z
36083,2018-03-07T16:59:34.628Z
36956,2018-03-07T20:18:17.639Z
25129,2018-03-01T10:42:45.462Z
32942,2018-03-06T14:34:17.061Z
78489,2018-03-23T19:42:45.303Z
73963,2018-03-23T01:17:37.309Z
35119,2018-03-07T06:17:06.262Z
20248,2018-02-27T13:26:53.845Z
18089,2018-02-27T06:24:54.608Z
23320,2018-02-28T20:17:15.535Z
82988,2018-03-25T11:45:55.660Z
35960,2018-03-07T07:42:10.299Z
35833,2018-03-07T07:26:38.132Z
31002,2018-03-06T05:03:46.953Z
22919,2018-02-28T18:55:38.138Z
36357,2018-03-07T17:11:55.144Z
18481,2018-02-27T07:01:01.784Z
14685,2018-02-25T08:55:01.307Z
14293,2018-02-25T05:52:34.049Z
30733,2018-03-06T04:29:50.894Z
13260,2018-02-25T01:47:54.105Z
15230,2018-02-25T14:35:20.400Z
21486,2018-02-27T17:26:38.187Z
14777,2018-02-25T09:45:05.872Z
36275,2018-03-07T17:06:08.936Z
35839,2018-03-07T07:27:15.892Z
36144,2018-03-07T17:00:41.443Z
34036,2018-03-06T18:08:37.910Z
82298,2018-03-25T02:56:17.667Z
18064,2018-02-27T06:24:05.480Z
18065,2018-02-27T06:24:07.260Z
37755,2018-03-08T05:52:43.463Z
13377,2018-02-25T01:58:55.959Z
23102,2018-02-28T20:00:22.260Z
36111,2018-03-07T16:59:57.398Z
74208,2018-03-23T02:25:58.208Z
35988,2018-03-07T07:46:20.427Z
14929,2018-02-25T11:14:37.027Z
12968,2018-02-25T01:36:19.661Z
31529,2018-03-06T06:41:31.030Z
13376,2018-02-25T01:58:48.999Z
25360,2018-03-01T10:59:48.540Z
36148,2018-03-07T17:00:47.948Z
33178,2018-03-06T15:29:51.281Z
36869,2018-03-07T20:12:34.650Z
62807,2018-03-16T19:16:38.074Z
36056,2018-03-07T07:57:32.608Z
13828,2018-02-25T03:20:53.172Z
36309,2018-03-07T17:08:18.150Z
17006,2018-02-26T17:52:22.914Z
13829,2018-02-25T03:21:08.115Z
17798,2018-02-26T21:30:23.285Z
30494,2018-03-06T04:18:28.288Z
31234,2018-03-06T05:51:28.188Z
17009,2018-02-26T17:52:50.417Z
35700,2018-03-07T07:15:22.673Z
13527,2018-02-25T02:19:09.215Z
13526,2018-02-25T02:18:59.243Z
14549,2018-02-25T07:45:28.193Z
35383,2018-03-07T06:46:57.324Z
30551,2018-03-06T04:19:36.153Z
30552,2018-03-06T04:19:37.759Z
30554,2018-03-06T04:19:41.082Z
36063,2018-03-07T16:59:25.395Z
30556,2018-03-06T04:19:44.462Z
30151,2018-03-05T17:27:29.727Z
30152,2018-03-05T17:27:48.972Z
13076,2018-02-25T01:38:08.885Z
30153,2018-03-05T17:28:07.963Z
15320,2018-02-25T15:41:44.350Z
35390,2018-03-07T06:48:01.976Z
30156,2018-03-05T17:29:04.465Z
20247,2018-02-27T13:26:35.923Z
32712,2018-03-06T12:34:07.518Z
83192,2018-03-25T14:34:26.039Z
83117,2018-03-25T13:30:56.265Z
35968,2018-03-07T07:43:20.710Z
37820,2018-03-08T06:04:56.564Z
37783,2018-03-08T05:57:48.310Z
13078,2018-02-25T01:38:12.351Z
41445,2018-03-09T06:07:39.786Z
32994,2018-03-06T15:23:25.146Z
31323,2018-03-06T06:23:24.020Z
13188,2018-02-25T01:43:01.225Z
13146,2018-02-25T01:40:48.170Z
30132,2018-03-05T17:21:36.490Z
83059,2018-03-25T12:43:09.703Z
83051,2018-03-25T12:37:46.037Z
37688,2018-03-08T05:41:27.522Z
38605,2018-03-08T12:15:32.939Z
32941,2018-03-06T14:33:43.130Z
34269,2018-03-06T19:31:00.500Z
81928,2018-03-24T22:36:11.472Z
34472,2018-03-06T20:56:50.500Z
15182,2018-02-25T14:01:20.276Z
25206,2018-03-01T10:46:22.130Z
23293,2018-02-28T20:14:18.200Z
36692,2018-03-07T20:06:59.871Z
14557,2018-02-25T07:49:33.212Z
13456,2018-02-25T02:08:41.680Z
35961,2018-03-07T07:42:18.882Z
13202,2018-02-25T01:43:51.183Z
20355,2018-02-27T14:01:36.003Z
20356,2018-02-27T14:01:56.115Z
20357,2018-02-27T14:02:16.382Z
20358,2018-02-27T14:02:36.279Z
39091,2018-03-08T14:26:41.542Z
15247,2018-02-25T14:47:43.817Z
78046,2018-03-23T18:17:55.235Z
13077,2018-02-25T01:38:10.654Z
36668,2018-03-07T17:51:14.394Z
36332,2018-03-07T17:09:57.428Z
15473,2018-02-25T17:59:52.636Z
14562,2018-02-25T07:52:04.493Z
35113,2018-03-07T06:16:38.015Z
14633,2018-02-25T08:27:48.958Z
37692,2018-03-08T05:42:06.132Z
35464,2018-03-07T07:07:07.441Z
36201,2018-03-07T17:02:29.510Z
35835,2018-03-07T07:26:50.961Z
36025,2018-03-07T07:52:12.783Z
25996,2018-03-01T12:24:31.865Z
20385,2018-02-27T14:11:46.033Z
37024,2018-03-07T20:24:21.094Z
13080,2018-02-25T01:38:16.164Z
35100,2018-03-07T06:15:42.792Z
15344,2018-02-25T15:59:48.168Z
20402,2018-02-27T14:17:38.448Z
32997,2018-03-06T15:23:27.179Z
36589,2018-03-07T17:38:30.743Z
20092,2018-02-27T12:43:35.494Z
38817,2018-03-08T13:03:38.201Z
14617,2018-02-25T08:19:37.874Z
31301,2018-03-06T06:22:10.748Z
31930,2018-03-06T07:52:42.027Z
17294,2018-02-26T18:48:19.265Z
17301,2018-02-26T18:50:01.211Z
14835,2018-02-25T10:18:29.081Z
17299,2018-02-26T18:49:32.584Z
17300,2018-02-26T18:49:46.870Z
17966,2018-02-27T06:22:31.858Z
12971,2018-02-25T01:36:20.630Z
32577,2018-03-06T11:31:41.459Z
36579,2018-03-07T17:37:02.528Z
35971,2018-03-07T07:43:47.769Z
37691,2018-03-08T05:41:56.405Z
34254,2018-03-06T19:25:10.778Z
31528,2018-03-06T06:41:23.812Z
21521,2018-02-27T17:37:39.218Z
35097,2018-03-07T06:15:30.376Z
37608,2018-03-08T05:29:48.768Z
35403,2018-03-07T06:50:05.520Z
36145,2018-03-07T17:00:43.201Z
31527,2018-03-06T06:41:16.558Z
32221,2018-03-06T09:14:31.437Z
38846,2018-03-08T13:11:13.408Z
35131,2018-03-07T06:18:00.586Z
25582,2018-03-01T11:38:26.210Z
33885,2018-03-06T17:24:50.456Z
33886,2018-03-06T17:25:07.227Z
13469,2018-02-25T02:10:29.357Z
33888,2018-03-06T17:25:39.510Z
32213,2018-03-06T09:11:53Z
34382,2018-03-06T20:17:07.779Z
14467,2018-02-25T07:07:02.571Z
36367,2018-03-07T17:12:44.424Z
30349,2018-03-05T18:35:31.902Z
18575,2018-02-27T07:16:27.731Z
33812,2018-03-06T17:06:13.388Z
31393,2018-03-06T06:28:11.597Z
21653,2018-02-27T18:21:41.289Z
27537,2018-03-01T23:33:46.462Z
17967,2018-02-27T06:22:32.075Z
37366,2018-03-08T05:06:17.984Z
39167,2018-03-08T14:54:08.963Z
34267,2018-03-06T19:30:14.385Z
20753,2018-02-27T15:04:28.471Z
30055,2018-03-05T16:58:52.009Z
30066,2018-03-05T17:02:02.059Z
37566,2018-03-08T05:24:29.585Z
78674,2018-03-23T20:24:45.338Z
31923,2018-03-06T07:51:02.811Z
30063,2018-03-05T17:01:10.225Z
35522,2018-03-07T07:07:46.025Z
31873,2018-03-06T07:39:41.773Z
12973,2018-02-25T01:36:21.302Z
30878,2018-03-06T04:45:13.465Z
30883,2018-03-06T04:45:51.990Z
25919,2018-03-01T12:11:38.994Z
14983,2018-02-25T11:48:02.512Z
34242,2018-03-06T19:20:37.456Z
31247,2018-03-06T05:54:41.245Z
36746,2018-03-07T20:07:50.574Z
15459,2018-02-25T17:28:47.338Z
20039,2018-02-27T12:30:37.125Z
20040,2018-02-27T12:30:50.919Z
35085,2018-03-07T06:14:44.350Z
35087,2018-03-07T06:14:51.599Z
18012,2018-02-27T06:22:58.315Z
18013,2018-02-27T06:22:59.193Z
23674,2018-02-28T21:17:20.954Z
19279,2018-02-27T10:55:53.590Z
15460,2018-02-25T17:29:36.287Z
19019,2018-02-27T09:06:44.953Z
19020,2018-02-27T09:07:03.374Z
15001,2018-02-25T11:59:27.757Z
16769,2018-02-26T17:24:24.826Z
17895,2018-02-26T22:11:05.013Z
17894,2018-02-26T22:10:39.047Z
15348,2018-02-25T16:02:48.198Z
37401,2018-03-08T05:08:38.283Z
13945,2018-02-25T03:52:28.366Z
14852,2018-02-25T10:28:27.549Z
30608,2018-03-06T04:21:40.972Z
30609,2018-03-06T04:21:43.669Z
13587,2018-02-25T02:29:16.215Z
36113,2018-03-07T16:59:59.344Z
36089,2018-03-07T16:59:38.286Z
36175,2018-03-07T17:01:35.109Z
68133,2018-03-19T04:49:18.403Z
29205,2018-03-05T14:53:31.371Z
37757,2018-03-08T05:53:04.923Z
36253,2018-03-07T17:04:57.086Z
13528,2018-02-25T02:19:18.744Z
13529,2018-02-25T02:19:28.203Z
25130,2018-03-01T10:42:47.721Z
14279,2018-02-25T05:47:00.886Z
17481,2018-02-26T19:38:43.095Z
16175,2018-02-25T19:12:09.830Z
21440,2018-02-27T17:12:44.176Z
12974,2018-02-25T01:36:21.654Z
17313,2018-02-26T18:52:57.949Z
19881,2018-02-27T11:57:06.722Z
17636,2018-02-26T20:29:12.100Z
19886,2018-02-27T11:58:05.289Z
19887,2018-02-27T11:58:16.894Z
19884,2018-02-27T11:57:41.542Z
35986,2018-03-07T07:46:01.870Z
34354,2018-03-06T20:05:20.592Z
34355,2018-03-06T20:05:46.195Z
52031,2018-03-12T11:03:54.813Z
30329,2018-03-05T18:28:05.276Z
17485,2018-02-26T19:39:54.314Z
13083,2018-02-25T01:38:21.997Z
13084,2018-02-25T01:38:23.796Z
14361,2018-02-25T06:20:39.796Z
31675,2018-03-06T07:02:06.807Z
31676,2018-03-06T07:02:16.938Z
31677,2018-03-06T07:02:27.225Z
32763,2018-03-06T12:59:08.834Z
25141,2018-03-01T10:43:12.896Z
15321,2018-02-25T15:42:33.584Z
16191,2018-02-25T19:15:32.813Z
37136,2018-03-07T20:37:24.210Z
37137,2018-03-07T20:37:32.929Z
13186,2018-02-25T01:42:54.304Z
23344,2018-02-28T20:20:04.852Z
33958,2018-03-06T17:45:09.705Z
20122,2018-02-27T12:51:16.010Z
20123,2018-02-27T12:51:31.722Z
20043,2018-02-27T12:31:32.434Z
20124,2018-02-27T12:51:47.572Z
20044,2018-02-27T12:31:46.553Z
19463,2018-02-27T11:03:16.854Z
19464,2018-02-27T11:03:20.840Z
14347,2018-02-25T06:14:47.770Z
13423,2018-02-25T02:04:25.171Z
23185,2018-02-28T20:05:01.516Z
17973,2018-02-27T06:22:34.043Z
17972,2018-02-27T06:22:33.573Z
13964,2018-02-25T03:58:01.225Z
13965,2018-02-25T03:58:19.146Z
13966,2018-02-25T03:58:36.864Z
13967,2018-02-25T03:58:54.516Z
13973,2018-02-25T04:00:41.421Z
13974,2018-02-25T04:00:59.424Z
13975,2018-02-25T04:01:17.691Z
13963,2018-02-25T03:57:43.785Z
13952,2018-02-25T03:54:30.337Z
13951,2018-02-25T03:54:13.219Z
13977,2018-02-25T04:01:53.587Z
13955,2018-02-25T03:55:22.466Z
13953,2018-02-25T03:54:47.658Z
13954,2018-02-25T03:55:05.155Z
18847,2018-02-27T08:17:21.822Z
18848,2018-02-27T08:17:37.225Z
13231,2018-02-25T01:45:44.858Z
25159,2018-03-01T10:43:58.842Z
36732,2018-03-07T20:07:33.075Z
36733,2018-03-07T20:07:34.208Z
19466,2018-02-27T11:03:28.718Z
13531,2018-02-25T02:19:47.190Z
19519,2018-02-27T11:07:26.661Z
20027,2018-02-27T12:27:50.322Z
37059,2018-03-07T20:27:58.736Z
14671,2018-02-25T08:47:34.828Z
17700,2018-02-26T20:52:16.007Z
17701,2018-02-26T20:52:38.281Z
36972,2018-03-07T20:19:35.598Z
16925,2018-02-26T17:41:15.346Z
13094,2018-02-25T01:38:42.949Z
13425,2018-02-25T02:04:40.098Z
13424,2018-02-25T02:04:32.673Z
13434,2018-02-25T02:05:47.360Z
13426,2018-02-25T02:04:47.327Z
13433,2018-02-25T02:05:39.829Z
13432,2018-02-25T02:05:32.376Z
13429,2018-02-25T02:05:09.780Z
13428,2018-02-25T02:05:02.485Z
13430,2018-02-25T02:05:17.234Z
15350,2018-02-25T16:04:18.920Z
17778,2018-02-26T21:22:22.001Z
78524,2018-03-23T19:50:24.442Z
34050,2018-03-06T18:13:03.300Z
14892,2018-02-25T10:52:08.308Z
20265,2018-02-27T13:32:05.185Z
32767,2018-03-06T13:01:08.723Z
35586,2018-03-07T07:09:32.678Z
20768,2018-02-27T15:05:45.198Z
18423,2018-02-27T06:52:49.123Z
34011,2018-03-06T18:00:53.622Z
34012,2018-03-06T18:01:12.187Z
36204,2018-03-07T17:02:36.421Z
36205,2018-03-07T17:02:38.689Z
34023,2018-03-06T18:04:35.594Z
23203,2018-02-28T20:06:19.017Z
34054,2018-03-06T18:14:22.407Z
17494,2018-02-26T19:42:37.524Z
13536,2018-02-25T02:20:35.806Z
13435,2018-02-25T02:05:54.967Z
13437,2018-02-25T02:06:10.747Z
36877,2018-03-07T20:13:00.971Z
25192,2018-03-01T10:45:35.256Z
37421,2018-03-08T05:10:07.866Z
14598,2018-02-25T08:10:01.050Z
12976,2018-02-25T01:36:22.381Z
36979,2018-03-07T20:20:11.293Z
34505,2018-03-06T21:12:03.101Z
20459,2018-02-27T14:38:01.415Z
21496,2018-02-27T17:29:44.452Z
34370,2018-03-06T20:12:02.920Z
34371,2018-03-06T20:12:28.296Z
34367,2018-03-06T20:10:47.474Z
31161,2018-03-06T05:34:37.677Z
34440,2018-03-06T20:42:27.978Z
34377,2018-03-06T20:15:00.267Z
34378,2018-03-06T20:15:25.687Z
34379,2018-03-06T20:15:51.089Z
84010,2018-03-26T02:56:37.204Z
13085,2018-02-25T01:38:25.597Z
13259,2018-02-25T01:47:49.094Z
17902,2018-02-26T22:14:11.023Z
13538,2018-02-25T02:20:55.830Z
19468,2018-02-27T11:03:36.809Z
19029,2018-02-27T09:09:53.994Z
19030,2018-02-27T09:10:12.983Z
19031,2018-02-27T09:10:31.489Z
13588,2018-02-25T02:29:27.365Z
13541,2018-02-25T02:21:25.353Z
13539,2018-02-25T02:21:05.693Z
12979,2018-02-25T01:36:23.544Z
16763,2018-02-26T17:23:54.540Z
16762,2018-02-26T17:23:49.858Z
16761,2018-02-26T17:23:45.043Z
16767,2018-02-26T17:24:14.836Z
16768,2018-02-26T17:24:19.898Z
16775,2018-02-26T17:24:55.252Z
16776,2018-02-26T17:25:00.534Z
16777,2018-02-26T17:25:06.058Z
19033,2018-02-27T09:11:09.163Z
19034,2018-02-27T09:11:28.444Z
16192,2018-02-25T19:15:45.626Z
14413,2018-02-25T06:42:59.007Z
14421,2018-02-25T06:46:31.872Z
14422,2018-02-25T06:46:58.065Z
14423,2018-02-25T06:47:24.307Z
14427,2018-02-25T06:49:10.119Z
14445,2018-02-25T06:57:08.668Z
14448,2018-02-25T06:58:29.458Z
14456,2018-02-25T07:02:04.875Z
14455,2018-02-25T07:01:37.964Z
14471,2018-02-25T07:08:53.333Z
14472,2018-02-25T07:09:20.831Z
14481,2018-02-25T07:13:27.894Z
14907,2018-02-25T11:01:13.266Z
14498,2018-02-25T07:21:18.187Z
14503,2018-02-25T07:23:38.194Z
14512,2018-02-25T07:27:51.261Z
14516,2018-02-25T07:29:43.816Z
14518,2018-02-25T07:30:40.918Z
14535,2018-02-25T07:38:43.689Z
14533,2018-02-25T07:37:46.068Z
16780,2018-02-26T17:25:21.612Z
36753,2018-03-07T20:08:00.436Z
36754,2018-03-07T20:08:02.102Z
15238,2018-02-25T14:41:09.043Z
36760,2018-03-07T20:08:11.074Z
16193,2018-02-25T19:15:58.183Z
34415,2018-03-06T20:31:25.225Z
12982,2018-02-25T01:36:24.967Z
30789,2018-03-06T04:34:55.520Z
30788,2018-03-06T04:34:49.847Z
30786,2018-03-06T04:34:38.301Z
30793,2018-03-06T04:35:20.559Z
16933,2018-02-26T17:42:17.430Z
12983,2018-02-25T01:36:25.403Z
12984,2018-02-25T01:36:25.852Z
18106,2018-02-27T06:25:32.795Z
18107,2018-02-27T06:25:35.323Z
18109,2018-02-27T06:25:40.529Z
18110,2018-02-27T06:25:43.170Z
21463,2018-02-27T17:19:36.035Z
21465,2018-02-27T17:20:12.064Z
20334,2018-02-27T13:54:32.022Z
20135,2018-02-27T12:54:46.227Z
17496,2018-02-26T19:43:14.468Z
17341,2018-02-26T18:59:58.311Z
15089,2018-02-25T12:57:13.444Z
16208,2018-02-25T19:19:12.823Z
16210,2018-02-25T19:19:39.188Z
16212,2018-02-25T19:20:05.913Z
17347,2018-02-26T19:01:31.859Z
17345,2018-02-26T19:01:00.273Z
15203,2018-02-25T14:16:06.807Z
25889,2018-03-01T12:07:06.984Z
16685,2018-02-26T17:18:21.197Z
16686,2018-02-26T17:18:24.888Z
20109,2018-02-27T12:47:53.171Z
13093,2018-02-25T01:38:40.969Z
30017,2018-03-05T16:48:28.621Z
13873,2018-02-25T03:32:34.465Z
18070,2018-02-27T06:24:16.453Z
17784,2018-02-26T21:24:43.480Z
17783,2018-02-26T21:24:19.655Z
12999,2018-02-25T01:36:34.791Z
12996,2018-02-25T01:36:32.758Z
12997,2018-02-25T01:36:33.454Z
13000,2018-02-25T01:36:35.585Z
13545,2018-02-25T02:22:04.027Z
13546,2018-02-25T02:22:13.570Z
15151,2018-02-25T13:39:25.558Z
14545,2018-02-25T07:43:31.990Z
14546,2018-02-25T07:44:01.013Z
17984,2018-02-27T06:22:38.927Z
29832,2018-03-05T16:04:19.028Z
18020,2018-02-27T06:23:06.035Z
21545,2018-02-27T17:45:14.422Z
13097,2018-02-25T01:38:49.035Z
14854,2018-02-25T10:29:39.124Z
34248,2018-03-06T19:22:53.645Z
34251,2018-03-06T19:24:02.146Z
34252,2018-03-06T19:24:24.738Z
34253,2018-03-06T19:24:47.596Z
17912,2018-02-26T22:18:33.834Z
20636,2018-02-27T14:56:51.042Z
17507,2018-02-26T19:46:37.296Z
17509,2018-02-26T19:47:14.347Z
17510,2018-02-26T19:47:33.043Z
18114,2018-02-27T06:25:53.678Z
18115,2018-02-27T06:25:56.182Z
18116,2018-02-27T06:25:58.854Z
15179,2018-02-25T13:59:13.837Z
37379,2018-03-08T05:07:07.294Z
14288,2018-02-25T05:50:35.221Z
14290,2018-02-25T05:51:22.624Z
14289,2018-02-25T05:50:58.694Z
14291,2018-02-25T05:51:46.263Z
14298,2018-02-25T05:54:33.301Z
14300,2018-02-25T05:55:25.409Z
14299,2018-02-25T05:54:59.521Z
14342,2018-02-25T06:12:39.827Z
36765,2018-03-07T20:08:19.114Z
37380,2018-03-08T05:07:11.096Z
37381,2018-03-08T05:07:14.993Z
37382,2018-03-08T05:07:18.940Z
19963,2018-02-27T12:13:35.841Z
14658,2018-02-25T08:40:48.372Z
34308,2018-03-06T19:46:28.245Z
17139,2018-02-26T18:15:00.729Z
17140,2018-02-26T18:15:12.195Z
13548,2018-02-25T02:22:32.831Z
34833,2018-03-07T00:11:28.934Z
20370,2018-02-27T14:06:40.355Z
15498,2018-02-25T18:00:06.965Z
33968,2018-03-06T17:48:02.671Z
13555,2018-02-25T02:23:41.335Z
13556,2018-02-25T02:23:51.645Z
13557,2018-02-25T02:24:01.874Z
13558,2018-02-25T02:24:13.100Z
13559,2018-02-25T02:24:23.813Z
19864,2018-02-27T11:53:52.507Z
19865,2018-02-27T11:54:03.509Z
13560,2018-02-25T02:24:33.720Z
13561,2018-02-25T02:24:43.797Z
18634,2018-02-27T07:27:49.593Z
18635,2018-02-27T07:28:01.378Z
20144,2018-02-27T12:57:11.254Z
20145,2018-02-27T12:57:27.096Z
19632,2018-02-27T11:18:41.415Z
19633,2018-02-27T11:18:48.259Z
19634,2018-02-27T11:18:55.459Z
20146,2018-02-27T12:57:43.154Z
20147,2018-02-27T12:57:59.537Z
15467,2018-02-25T17:59:50.941Z
14810,2018-02-25T10:04:05.399Z
14808,2018-02-25T10:02:57.547Z
14809,2018-02-25T10:03:31.480Z
34161,2018-03-06T18:50:36.110Z
13003,2018-02-25T01:36:37.755Z
16233,2018-02-25T19:24:46.526Z
16234,2018-02-25T19:25:00.211Z
20819,2018-02-27T15:10:30.894Z
36194,2018-03-07T17:02:13.440Z
36418,2018-03-07T17:17:24.196Z
20382,2018-02-27T14:10:44.061Z
21660,2018-02-27T18:24:10.788Z
34209,2018-03-06T19:08:06.983Z
14301,2018-02-25T05:55:49.306Z
14302,2018-02-25T05:56:13.314Z
18290,2018-02-27T06:38:04.395Z
16531,2018-02-26T17:12:24.075Z
16532,2018-02-26T17:12:25.086Z
18637,2018-02-27T07:28:25.257Z
13099,2018-02-25T01:38:53.188Z
17789,2018-02-26T21:26:44.343Z
17790,2018-02-26T21:27:08.339Z
20066,2018-02-27T12:37:07.059Z
20067,2018-02-27T12:37:21.829Z
20069,2018-02-27T12:37:51.780Z
20074,2018-02-27T12:39:06.107Z
20075,2018-02-27T12:39:21.436Z
20153,2018-02-27T12:59:38.082Z
20154,2018-02-27T12:59:54.628Z
21302,2018-02-27T16:35:16.455Z
30622,2018-03-06T04:22:21.266Z
22857,2018-02-28T18:52:00.195Z
22859,2018-02-28T18:52:06.261Z
17913,2018-02-26T22:19:00.349Z
31893,2018-03-06T07:44:07.911Z
32222,2018-03-06T09:14:50.746Z
13442,2018-02-25T02:06:49.470Z
13446,2018-02-25T02:07:21.108Z
13444,2018-02-25T02:07:05.672Z
13445,2018-02-25T02:07:13.216Z
15181,2018-02-25T14:00:37.887Z
14894,2018-02-25T10:53:19.993Z
34057,2018-03-06T18:15:21.730Z
21661,2018-02-27T18:24:32.050Z
31008,2018-03-06T05:04:49.083Z
31009,2018-03-06T05:04:59.171Z
30958,2018-03-06T04:56:38.418Z
30963,2018-03-06T04:57:24.180Z
13011,2018-02-25T01:36:44.114Z
32769,2018-03-06T13:02:08.324Z
25046,2018-03-01T10:40:52.082Z
30133,2018-03-05T17:21:54.587Z
20156,2018-02-27T13:00:27.471Z
20157,2018-02-27T13:00:44.092Z
20159,2018-02-27T13:01:18.570Z
15410,2018-02-25T16:50:11.249Z
13567,2018-02-25T02:25:44.903Z
18437,2018-02-27T06:54:42.734Z
13101,2018-02-25T01:38:57.359Z
35114,2018-03-07T06:16:42.914Z
35116,2018-03-07T06:16:52.074Z
35475,2018-03-07T07:07:10.956Z
23385,2018-02-28T20:25:12.932Z
23382,2018-02-28T20:24:47.683Z
35947,2018-03-07T07:40:19.566Z
15300,2018-02-25T15:26:26.203Z
18780,2018-02-27T08:00:14.617Z
15469,2018-02-25T17:59:51.458Z
17028,2018-02-26T17:55:46.323Z
17030,2018-02-26T17:56:04.762Z
20166,2018-02-27T13:03:13.928Z
20167,2018-02-27T13:03:31.058Z
37145,2018-03-08T04:58:55.365Z
13105,2018-02-25T01:39:06.936Z
20565,2018-02-27T14:54:09.896Z
20566,2018-02-27T14:54:11.505Z
18029,2018-02-27T06:23:15.757Z
18030,2018-02-27T06:23:17.009Z
18031,2018-02-27T06:23:18.238Z
34408,2018-03-06T20:28:21.999Z
13018,2018-02-25T01:36:50.476Z
25322,2018-03-01T10:55:43.837Z
19523,2018-02-27T11:07:46.545Z
18125,2018-02-27T06:26:25.245Z
19704,2018-02-27T11:27:51.475Z
20770,2018-02-27T15:05:55.260Z
34162,2018-03-06T18:50:57.618Z
34164,2018-03-06T18:51:41.186Z
17916,2018-02-26T22:20:19.643Z
17832,2018-02-26T21:44:17.044Z
17833,2018-02-26T21:44:41.768Z
37035,2018-03-07T20:25:26.163Z
37036,2018-03-07T20:25:32.787Z
19057,2018-02-27T09:18:47.242Z
20172,2018-02-27T13:04:55.110Z
20173,2018-02-27T13:05:12.187Z
15385,2018-02-25T16:30:51.095Z
13569,2018-02-25T02:26:06.680Z
13570,2018-02-25T02:26:17.319Z
31986,2018-03-06T08:06:20.944Z
30966,2018-03-06T04:57:52.673Z
31988,2018-03-06T08:06:50.853Z
60658,2018-03-16T05:10:58.508Z
30970,2018-03-06T04:58:30.566Z
30971,2018-03-06T04:58:40.065Z
30978,2018-03-06T04:59:49.366Z
30981,2018-03-06T05:00:17.907Z
30982,2018-03-06T05:00:27.698Z
30983,2018-03-06T05:00:37.214Z
30984,2018-03-06T05:00:46.733Z
31772,2018-03-06T07:19:04.354Z
31780,2018-03-06T07:20:34.851Z
31773,2018-03-06T07:19:16.141Z
31976,2018-03-06T08:03:49.791Z
31779,2018-03-06T07:20:23.790Z
31977,2018-03-06T08:04:04.819Z
31774,2018-03-06T07:19:27.359Z
31778,2018-03-06T07:20:12.812Z
34384,2018-03-06T20:17:58.179Z
78368,2018-03-23T19:16:45.530Z
78374,2018-03-23T19:17:57.889Z
13187,2018-02-25T01:42:57.906Z
13189,2018-02-25T01:43:04.528Z
35096,2018-03-07T06:15:26.420Z
14961,2018-02-25T11:34:19.472Z
17167,2018-02-26T18:20:28.757Z
17166,2018-02-26T18:20:16.393Z
17168,2018-02-26T18:20:40.576Z
33933,2018-03-06T17:38:02.118Z
23225,2018-02-28T20:08:01.772Z
23226,2018-02-28T20:08:06.808Z
33921,2018-03-06T17:34:40.031Z
23399,2018-02-28T20:27:07.212Z
23400,2018-02-28T20:27:15.361Z
23402,2018-02-28T20:27:32.252Z
23403,2018-02-28T20:27:40.388Z
23404,2018-02-28T20:27:48.742Z
25352,2018-03-01T10:58:56.695Z
25356,2018-03-01T10:59:23.512Z
26414,2018-03-01T14:06:38.395Z
31477,2018-03-06T06:35:42.086Z
30135,2018-03-05T17:22:31.197Z
16537,2018-02-26T17:12:30.825Z
19977,2018-02-27T12:16:36.757Z
18782,2018-02-27T08:00:44.107Z
31315,2018-03-06T06:22:56.108Z
31327,2018-03-06T06:23:38.129Z
31317,2018-03-06T06:23:02.989Z
36717,2018-03-07T20:07:17.937Z
37043,2018-03-07T20:26:16.282Z
36802,2018-03-07T20:09:31.725Z
20083,2018-02-27T12:41:20.576Z
19911,2018-02-27T12:02:55.320Z
13759,2018-02-25T03:04:20.364Z
13662,2018-02-25T02:43:37.976Z
15421,2018-02-25T16:58:42.979Z
14681,2018-02-25T08:52:54.014Z
13235,2018-02-25T01:46:02.814Z
13119,2018-02-25T01:39:39.211Z
13107,2018-02-25T01:39:11.497Z
14547,2018-02-25T07:44:30.429Z
35943,2018-03-07T07:39:45.797Z
20399,2018-02-27T14:16:35.409Z
32230,2018-03-06T09:17:30.875Z
13854,2018-02-25T03:27:34.666Z
13856,2018-02-25T03:28:06.170Z
15412,2018-02-25T16:51:44.771Z
14575,2018-02-25T07:58:30.571Z
20084,2018-02-27T12:41:35.466Z
15205,2018-02-25T14:17:30.640Z
15028,2018-02-25T12:16:49.064Z
32825,2018-03-06T13:30:53.342Z
32826,2018-03-06T13:31:24.784Z
32827,2018-03-06T13:31:56.077Z
32828,2018-03-06T13:32:27.485Z
32829,2018-03-06T13:32:58.763Z
32830,2018-03-06T13:33:29.899Z
20418,2018-02-27T14:23:15.477Z
20422,2018-02-27T14:24:39.636Z
20424,2018-02-27T14:25:22.163Z
13350,2018-02-25T01:56:01.972Z
20437,2018-02-27T14:30:01.515Z
20438,2018-02-27T14:30:23.229Z
20439,2018-02-27T14:30:44.731Z
13447,2018-02-25T02:07:28.974Z
13109,2018-02-25T01:39:16.115Z
32718,2018-03-06T12:37:00.678Z
32717,2018-03-06T12:36:31.730Z
32715,2018-03-06T12:35:34.342Z
32721,2018-03-06T12:38:27.644Z
21447,2018-02-27T17:14:49.211Z
21448,2018-02-27T17:15:06.916Z
37057,2018-03-07T20:27:45.766Z
35153,2018-03-07T06:19:43.452Z
16258,2018-02-25T19:30:32.081Z
34325,2018-03-06T19:53:22.872Z
17838,2018-02-26T21:46:45.940Z
17841,2018-02-26T21:47:59.772Z
17843,2018-02-26T21:48:49.507Z
16696,2018-02-26T17:19:02.308Z
14563,2018-02-25T07:52:33.523Z
20743,2018-02-27T15:03:40.569Z
35964,2018-03-07T07:42:45.903Z
14605,2018-02-25T08:13:31.168Z
14606,2018-02-25T08:14:01.706Z
14604,2018-02-25T08:13:00.536Z
30787,2018-03-06T04:34:44.098Z
78552,2018-03-23T19:56:51.382Z
37837,2018-03-08T06:08:21.384Z
31478,2018-03-06T06:35:47.943Z
31480,2018-03-06T06:35:59.908Z
18092,2018-02-27T06:25:01.029Z
33859,2018-03-06T17:18:00.143Z
32765,2018-03-06T13:00:08.700Z
32766,2018-03-06T13:00:38.514Z
31482,2018-03-06T06:36:12.223Z
16263,2018-02-25T19:31:42.727Z
16265,2018-02-25T19:32:10.713Z
16266,2018-02-25T19:32:24.649Z
16268,2018-02-25T19:32:53.119Z
16269,2018-02-25T19:33:07.623Z
31380,2018-03-06T06:27:14.964Z
25392,2018-03-01T11:03:38.465Z
32753,2018-03-06T12:54:10.881Z
33793,2018-03-06T17:01:33.600Z
37561,2018-03-08T05:23:53.615Z
37562,2018-03-08T05:24:00.643Z
37565,2018-03-08T05:24:22.066Z
37727,2018-03-08T05:47:52.138Z
37736,2018-03-08T05:49:24.686Z
33946,2018-03-06T17:41:42.492Z
14398,2018-02-25T06:36:27.670Z
18144,2018-02-27T06:27:23.106Z
18147,2018-02-27T06:27:32.629Z
15360,2018-02-25T16:11:53.934Z
13831,2018-02-25T03:21:38.364Z
20178,2018-02-27T13:06:34.439Z
13848,2018-02-25T03:25:59.086Z
34024,2018-03-06T18:04:54.084Z
34025,2018-03-06T18:05:12.578Z
14343,2018-02-25T06:13:05.376Z
36930,2018-03-07T20:16:21.864Z
14994,2018-02-25T11:55:03.984Z
14307,2018-02-25T05:58:15.296Z
14306,2018-02-25T05:57:50.136Z
21057,2018-02-27T15:43:26.992Z
15074,2018-02-25T12:47:11.626Z
34297,2018-03-06T19:42:02.655Z
25416,2018-03-01T11:06:46.947Z
36934,2018-03-07T20:16:39.019Z
16274,2018-02-25T19:34:19.754Z
16275,2018-02-25T19:34:34.184Z
20033,2018-02-27T12:29:12.871Z
14589,2018-02-25T08:05:24.615Z
20849,2018-02-27T15:13:43.402Z
14608,2018-02-25T08:15:03.086Z
14607,2018-02-25T08:14:32.344Z
14856,2018-02-25T10:30:50.058Z
14930,2018-02-25T11:15:13.693Z
15381,2018-02-25T16:27:46.652Z
15382,2018-02-25T16:28:32.418Z
16279,2018-02-25T19:35:32.114Z
33927,2018-03-06T17:36:20.570Z
13179,2018-02-25T01:42:30.544Z
37067,2018-03-07T20:28:51.223Z
37066,2018-03-07T20:28:44.727Z
17799,2018-02-26T21:30:48.347Z
17802,2018-02-26T21:32:01.752Z
17803,2018-02-26T21:32:26.203Z
13574,2018-02-25T02:26:59.063Z
16700,2018-02-26T17:19:18.437Z
16699,2018-02-26T17:19:14.587Z
16552,2018-02-26T17:12:49.491Z
37402,2018-03-08T05:08:42.538Z
37514,2018-03-08T05:18:35.550Z
37590,2018-03-08T05:27:28.413Z
37591,2018-03-08T05:27:36.129Z
37515,2018-03-08T05:18:41.880Z
20461,2018-02-27T14:38:45.314Z
35338,2018-03-07T06:40:23.821Z
35337,2018-03-07T06:40:15.443Z
34422,2018-03-06T20:34:29.715Z
19399,2018-02-27T10:59:38.070Z
19314,2018-02-27T10:56:34.650Z
